{"__type__":"cc.TextAsset","_name":"fishcircle26","text":"[{\"x\":-16.66666666666663,\"y\":-1,\"r\":23},{\"x\":21.33333333333337,\"y\":-2.3333333333333144,\"r\":23},{\"x\":50,\"y\":0.3333333333333144,\"r\":23},{\"x\":-46.66666666666663,\"y\":-3,\"r\":23}]"}