{"__type__":"cc.TextAsset","_name":"fishcircle128","text":"[{\"x\":-50,\"y\":3.6666666666666856,\"r\":30},{\"x\":-2.6666666666666288,\"y\":-5.666666666666686,\"r\":30},{\"x\":47.33333333333337,\"y\":-7.666666666666686,\"r\":30},{\"x\":-80,\"y\":10.333333333333314,\"r\":30}]"}