{"__type__":"cc.TextAsset","_name":"fishcircle12","text":"[{\"x\":-20.66666666666663,\"y\":1,\"r\":19},{\"x\":3.3333333333333712,\"y\":-0.3333333333333144,\"r\":19}]"}