{"__type__":"cc.TextAsset","_name":"fishcircle122","text":"[{\"x\":-28,\"y\":-1.6666666666666856,\"r\":30},{\"x\":14.666666666666629,\"y\":0.3333333333333144,\"r\":30}]"}