{"__type__":"cc.TextAsset","_name":"fishcircle3","text":"[{\"x\":-18.66666666666663,\"y\":1.6666666666666856,\"r\":20},{\"x\":2.6666666666666288,\"y\":1.6666666666666856,\"r\":20}]"}