{"__type__":"cc.TextAsset","_name":"fishcircle14","text":"[{\"x\":2.6666666666666288,\"y\":-17,\"r\":23},{\"x\":34,\"y\":-17.666666666666686,\"r\":23}]"}