{"__type__":"cc.TextAsset","_name":"fishcircle22","text":"[{\"x\":-5.333333333333371,\"y\":13,\"r\":26},{\"x\":-4,\"y\":-0.3333333333333144,\"r\":26}]"}