{"__type__":"cc.TextAsset","_name":"fishcircle16","text":"[{\"x\":0.6666666666666288,\"y\":3.6666666666666856,\"r\":23},{\"x\":-33.33333333333337,\"y\":9,\"r\":23},{\"x\":21.33333333333337,\"y\":-1.6666666666666856,\"r\":23}]"}