{"__type__":"cc.TextAsset","_name":"fishcircle20","text":"[{\"x\":-63.33333333333337,\"y\":10.333333333333314,\"r\":31},{\"x\":-20,\"y\":4.333333333333314,\"r\":31},{\"x\":20.66666666666663,\"y\":3,\"r\":31},{\"x\":-110,\"y\":17.666666666666686,\"r\":31}]"}