{"__type__":"cc.TextAsset","_name":"fishcircle24","text":"[{\"x\":-15.333333333333371,\"y\":5.666666666666686,\"r\":28},{\"x\":22.66666666666663,\"y\":6.333333333333314,\"r\":28},{\"x\":60.66666666666663,\"y\":4.333333333333314,\"r\":28},{\"x\":-55.33333333333337,\"y\":3,\"r\":28}]"}