{"__type__":"cc.TextAsset","_name":"fishcircle25","text":"[{\"x\":-25.33333333333337,\"y\":-3,\"r\":20},{\"x\":0,\"y\":0.3333333333333144,\"r\":20}]"}