{"__type__":"cc.AnimationClip","_name":"ani_arrow","_duration":0.6666666666666666,"wrapMode":2,"curveData":{"props":{"y":[{"frame":0,"value":110},{"frame":0.16666666666666666,"value":100},{"frame":0.5,"value":120},{"frame":0.6666666666666666,"value":110}]}}}