{"__type__":"cc.TextAsset","_name":"fishcircle130","text":"[{\"x\":-67.33333333333337,\"y\":-5.666666666666686,\"r\":30},{\"x\":-31.33333333333337,\"y\":-14.333333333333314,\"r\":30},{\"x\":17.33333333333337,\"y\":-17.666666666666686,\"r\":30},{\"x\":-104,\"y\":4.333333333333314,\"r\":30}]"}