{"__type__":"cc.TextAsset","_name":"fishcircle27","text":"[{\"x\":-8.666666666666629,\"y\":-4.333333333333314,\"r\":15},{\"x\":8.666666666666629,\"y\":-3.6666666666666856,\"r\":15}]"}