{"__type__":"cc.TextAsset","_name":"fishcircle10","text":"[{\"x\":-28.66666666666663,\"y\":2.3333333333333144,\"r\":28},{\"x\":12,\"y\":4.333333333333314,\"r\":28}]"}