{"__type__":"cc.TextAsset","_name":"fishcircle129","text":"[{\"x\":-50,\"y\":48.333333333333314,\"r\":30},{\"x\":4.666666666666629,\"y\":43.666666666666686,\"r\":30},{\"x\":47.33333333333337,\"y\":44.333333333333314,\"r\":30},{\"x\":-86.66666666666663,\"y\":59,\"r\":30}]"}