{"__type__":"cc.TextAsset","_name":"fishcircle126","text":"[{\"x\":-6,\"y\":-0.3333333333333144,\"r\":60},{\"x\":138,\"y\":6.333333333333314,\"r\":60},{\"x\":-82.66666666666663,\"y\":123.66666666666669,\"r\":60},{\"x\":-79.33333333333337,\"y\":-125.66666666666666,\"r\":60}]"}