{"__type__":"cc.TextAsset","_name":"fishcircle15","text":"[{\"x\":-22,\"y\":7.666666666666686,\"r\":23},{\"x\":-4.666666666666629,\"y\":-17.666666666666686,\"r\":23}]"}