{"__type__":"cc.TextAsset","_name":"fishcircle13","text":"[{\"x\":0,\"y\":0.3333333333333144,\"r\":19},{\"x\":-4.666666666666629,\"y\":29,\"r\":19},{\"x\":6.666666666666629,\"y\":-19.666666666666686,\"r\":19}]"}