{"__type__":"cc.TextAsset","_name":"fishcircle19","text":"[{\"x\":-24.66666666666663,\"y\":-53,\"r\":26},{\"x\":15.333333333333371,\"y\":-57.666666666666686,\"r\":26},{\"x\":47.33333333333337,\"y\":-55.666666666666686,\"r\":26},{\"x\":-58,\"y\":-43.666666666666686,\"r\":26}]"}